"","AAAAAAAAAAAAAAAAAAAAAAAAAAAACGT","AAAAAAAAAAAAAAAAAAAAAAAAAAACAGC","AAAAAAAAAAAAAAAAAAAAAAAAAAACCCT","AAAAAAAAAAAAAAAAAAAAAAAAAAACCCG","AAAAAAAAAAAAAAAAAAAAAAAAAAACCTG","AAAAAAAAAAAAAAAAAAAAAAAAAAACTTG","AAAAAAAAAAAAAAAAAAAAAAAAAAACGGG","AAAAAAAAAAAAAAAAAAAAAAAAAAATCCT","AAAAAAAAAAAAAAAAAAAAAAAAAAATTGC","AAAAAAAAAAAAAAAAAAAAAAAAAAATGTT","AAAAAAAAAAAAAAAAAAAAAAAAAAAGCCC","AAAAAAAAAAAAAAAAAAAAAAAAAAAGCGC","AAAAAAAAAAAAAAAAAAAAAAAAAAAGTTA","AAAAAAAAAAAAAAAAAAAAAAAAAAAGTTG","AAAAAAAAAAAAAAAAAAAAAAAAAAAGTGT","AAAAAAAAAAAAAAAAAAAAAAAAAACACTA","AAAAAAAAAAAAAAAAAAAAAAAAAACATAT","AAAAAAAAAAAAAAAAAAAAAAAAAACATTT","AAAAAAAAAAAAAAAAAAAAAAAAAACAGCA","AAAAAAAAAAAAAAAAAAAAAAAAAACCAGA","AAAAAAAAAAAAAAAAAAAAAAAAAACCCCT","AAAAAAAAAAAAAAAAAAAAAAAAAACCCGG","AAAAAAAAAAAAAAAAAAAAAAAAAACTAGC","AAAAAAAAAAAAAAAAAAAAAAAAAACTCTT","AAAAAAAAAAAAAAAAAAAAAAAAAACTTAA","AAAAAAAAAAAAAAAAAAAAAAAAAACGGGG","AAAAAAAAAAAAAAAAAAAAAAAAAATAGAT","AAAAAAAAAAAAAAAAAAAAAAAAAATAGCT","AAAAAAAAAAAAAAAAAAAAAAAAAATCTAA","AAAAAAAAAAAAAAAAAAAAAAAAAATTAAG","AAAAAAAAAAAAAAAAAAAAAAAAAATTACA","AAAAAAAAAAAAAAAAAAAAAAAAAATTATG","AAAAAAAAAAAAAAAAAAAAAAAAAATTCAG","AAAAAAAAAAAAAAAAAAAAAAAAAATTCTT","AAAAAAAAAAAAAAAAAAAAAAAAAATTTTC","AAAAAAAAAAAAAAAAAAAAAAAAAATGAGT","AAAAAAAAAAAAAAAAAAAAAAAAAATGTTT","AAAAAAAAAAAAAAAAAAAAAAAAAATGGGG","AAAAAAAAAAAAAAAAAAAAAAAAAAGAACC","AAAAAAAAAAAAAAAAAAAAAAAAAAGATGG","AAAAAAAAAAAAAAAAAAAAAAAAAAGAGCT","AAAAAAAAAAAAAAAAAAAAAAAAAAGAGTA","AAAAAAAAAAAAAAAAAAAAAAAAAAGAGTT","AAAAAAAAAAAAAAAAAAAAAAAAAAGAGGT","AAAAAAAAAAAAAAAAAAAAAAAAAAGCCTG","AAAAAAAAAAAAAAAAAAAAAAAAAAGTAAT","AAAAAAAAAAAAAAAAAAAAAAAAAAGTATC","AAAAAAAAAAAAAAAAAAAAAAAAAAGTATG","AAAAAAAAAAAAAAAAAAAAAAAAAAGTAGC","AAAAAAAAAAAAAAAAAAAAAAAAAAGTTAG","AAAAAAAAAAAAAAAAAAAAAAAAAAGTGGA","AAAAAAAAAAAAAAAAAAAAAAAAAAGGAAT","AAAAAAAAAAAAAAAAAAAAAAAAAAGGAGT","AAAAAAAAAAAAAAAAAAAAAAAAAAGGCCA","AAAAAAAAAAAAAAAAAAAAAAAAAAGGCTG","AAAAAAAAAAAAAAAAAAAAAAAAAAGGTGC","AAAAAAAAAAAAAAAAAAAAAAAAAAGGGGC","AAAAAAAAAAAAAAAAAAAAAAAAACAAGAT","AAAAAAAAAAAAAAAAAAAAAAAAACAAGGG","AAAAAAAAAAAAAAAAAAAAAAAAACACCCC","AAAAAAAAAAAAAAAAAAAAAAAAACATTTT","AAAAAAAAAAAAAAAAAAAAAAAAACAGGAG","AAAAAAAAAAAAAAAAAAAAAAAAACCACCC","AAAAAAAAAAAAAAAAAAAAAAAAACCAGAA","class"
"BA2000",0,0,4,4,0,0,5,0,0,9,0,2,2,2,0,2,3,2,2,0,0,2,0,0,0,4,0,0,2,2,0,0,2,0,2,2,5,0,2,3,0,2,4,2,0,0,0,0,3,3,0,0,3,2,0,2,2,2,3,2,2,2,2,0,0
"BA2006",8,6,28,6,12,10,19,23,12,37,34,4,50,55,28,2,3,8,3,5,5,7,10,4,10,19,4,7,11,16,4,5,13,20,10,2,19,17,12,22,7,9,39,18,12,4,2,13,8,15,9,26,12,13,21,8,12,5,5,5,8,2,2,6,0
"BA2020",2,4,5,3,5,4,2,4,0,4,2,3,2,3,0,2,3,3,3,3,0,2,2,4,3,2,2,0,0,0,3,2,0,2,3,2,2,3,6,3,0,0,0,2,0,2,2,2,0,0,2,3,3,3,0,0,2,4,3,0,3,0,0,3,0
"BA2501",0,2,2,0,0,4,0,0,3,2,0,0,0,0,2,0,0,0,2,0,3,0,0,0,2,0,0,2,2,0,0,2,2,2,0,0,0,3,0,0,3,0,2,0,2,0,0,0,0,0,0,0,0,2,2,2,0,0,0,0,0,0,0,0,0
"BA2024",3,0,3,3,2,2,2,3,2,0,5,0,0,5,4,0,0,0,0,5,2,0,2,2,0,0,2,3,0,2,2,0,2,2,4,2,0,0,0,0,2,3,3,4,2,3,2,2,3,2,3,3,0,0,2,0,0,0,3,2,0,2,3,2,0
"BA2712",0,0,0,0,0,0,0,0,0,0,0,0,0,0,0,0,0,0,0,0,0,0,0,0,0,0,0,0,0,0,0,0,0,0,0,0,0,0,0,0,0,0,0,0,0,0,0,0,0,0,0,0,0,0,0,0,0,0,0,0,0,0,0,0,1
"BA2885",0,0,0,0,0,0,0,0,0,0,0,0,0,0,0,0,0,0,0,0,0,0,0,0,0,0,0,0,0,0,0,0,0,0,0,0,0,0,0,0,0,0,0,0,0,0,0,0,0,0,0,0,0,0,0,0,0,0,0,0,0,0,0,0,1
"BA2344",0,0,0,0,0,0,0,0,0,0,0,0,0,0,0,0,0,0,0,0,0,0,0,0,0,0,0,0,0,0,0,0,0,0,0,0,0,0,0,0,0,0,0,0,0,0,0,0,0,0,0,0,0,0,0,0,0,0,0,0,0,0,0,0,1
"BA2804",0,0,0,0,0,0,0,0,0,0,0,0,0,0,0,0,0,0,0,0,0,0,0,0,0,0,0,0,0,0,0,0,0,0,0,0,0,0,0,0,0,0,0,0,0,0,0,0,0,0,0,0,0,0,0,0,0,0,0,0,0,0,0,0,1
"BA2233",0,0,0,0,0,0,0,0,0,0,0,0,0,0,0,0,0,0,0,0,0,0,0,0,0,0,0,0,0,0,0,0,0,0,0,0,0,0,0,0,0,0,0,0,0,0,0,0,0,0,0,0,0,0,0,0,0,0,0,0,0,0,0,0,1
